タグ名,最終検索日,メモ
吊り乳,2026/6/20,
細川美樹,2026/6/20,
相反責め,2026/6/20,
乳首責め,2026/6/20,
クララ(トレーナー),2026/6/20,
朝日奈葵,2026/6/20,
江ノ島盾子,2026/6/20,
ミモザ(ポケモン),2026/6/20,
ボタン(ポケモン),2026/6/20,
イキ地獄,2026/6/20,
フェルン,2026/6/20,
山葉由芽,2026/6/20,
ギュエール,2026/6/20,
宇崎月,2026/6/20,
海老名菜々,2026/6/20,
入間美兎,2026/6/20,
片桐早苗,2026/6/20,
香坂しぐれ,2026/6/20,
伊19,2026/6/20,
黄昏ミミ,2026/6/20,
乳暖簾,2026/6/20,
すーぱーぽちゃ子,2026/6/20,
声我慢,2026/6/20,
ＷhiteCUL,2026/6/20,
ブラ抜き,2026/6/20,
ミツモト・ダイア,2026/6/20,
ダブリエル,2026/6/20,
成沢稜歌,2026/6/20,
ユノ(ドルウェブ),2026/6/20,
及川雫,2026/6/20,
日和ミヨ,2026/6/20,
巴マミ,2026/6/20,
ふたなり,2026/6/20,
オナホコキ,2026/6/20,
東條希,2026/6/20,
もんむすくえすと,2026/6/20,
十時愛梨,2026/6/20,
おっぱいキス,2026/6/20,
肉布団,2026/6/20,
オカルトマニア,2026/6/20,
ナルメア,2026/6/20,
ベータ(イナズマイレブンGO),2026/6/20,
星野みやこ,2026/6/20,
月岡恋鐘,2026/6/20,
羽川翼,2026/6/20,
弦巻マキ,2026/6/20,
夢見りあむ,2026/6/20,
メロン(トレーナー),2026/6/20,
石戸霞,2026/6/20,
ビッケ(ポケモン),2026/6/20,
かんこうきゃく(トレーナー),2026/6/20,
安立ミミ,2026/6/20,
シズク=ムラサキ,2026/6/20,
イオリ・リン子,2026/6/20,
海老原菜帆,2026/6/20,
三村かな子,2026/6/20,
ヒノエ(モンスターハンターライズ),2026/6/20,
ミノト(モンスターハンターライズ),2026/6/20,
孔雀舞,2026/6/20,
鹿羽うらみ,2026/6/20,
雲龍(艦隊これくしょん),2026/6/20,
霧島ロミン,2026/6/20,
愛宕(艦隊これくしょん),2026/6/20,
高雄(艦隊これくしょん),2026/6/20,
十六夜アキ,2026/6/20,
真崎杏子,2026/6/20,
天上院明日香,2026/6/20,
